occasion,archetype,weighted_meals,unweighted_meals,participants,top_groups,top_categories,occasion_weight,weighted_share,stratum
breakfast,other breakfast,93717759.71331,1898,1790,"sweet_drink, sweet_baked, water, fruit","Doughnuts, sweet rolls, pastries, Eggs and omelets, Smoothies and grain drinks, Bottled water",305642351.691707,0.3066255680686573,all
breakfast,cereal or oatmeal breakfast,65889065.989142,1473,1469,"milk_dairy_drink, cereal_oatmeal, cereal_oatmeal, milk_dairy_drink, cereal_oatmeal, milk_dairy_drink, cereal_oatmeal, fruit","Ready-to-eat cereal, higher sugar (>21.2g/100g), Milk, whole, Ready-to-eat cereal, higher sugar (>21.2g/100g), Milk, reduced fat, Milk, reduced fat, Ready-to-eat cereal, higher sugar (>21.2g/100g), Milk, whole, Ready-to-eat cereal, higher sugar (>21.2g/100g)",305642351.691707,0.2155757067842564,all
breakfast,coffee-first breakfast,48409595.04649,1011,991,"condiment_fat, coffee_tea, coffee_tea, coffee_tea, condiment_fat, coffee_tea, milk_dairy_drink","Coffee, Cream and cream substitutes, Coffee, Coffee, Cream and cream substitutes, Tea",305642351.691707,0.15838641071352383,all
breakfast,coffee and pastry breakfast,29977340.634731,643,639,"condiment_fat, bread, coffee_tea, sweet_baked, coffee_tea, bread, coffee_tea, condiment_fat, bread, condiment_fat, coffee_tea","Doughnuts, sweet rolls, pastries, Coffee, Coffee, Cookies and brownies, Biscuits, muffins, quick breads, Coffee, Coffee, Cereal bars",305642351.691707,0.09807979970317829,all
breakfast,breakfast sandwich or burrito,29277764.040263,561,561,"sandwich, coffee_tea, sandwich, water, sandwich, condiment_fat, sandwich","Egg/breakfast sandwiches, Egg/breakfast sandwiches, Coffee, Egg/breakfast sandwiches, Tap water, Coffee, Egg/breakfast sandwiches",305642351.691707,0.09579092648061638,all
breakfast,eggs with bread or meat,28983441.005776,610,610,"condiment_fat, eggs, bread, bread, eggs, breakfast_meat, eggs, eggs, bread","Yeast breads, Eggs and omelets, Eggs and omelets, Yeast breads, Eggs and omelets, Butter and animal fats, Yeast breads, Bacon, Eggs and omelets",305642351.691707,0.09482796099871262,all
breakfast,fruit and bread breakfast,6007101.110492,126,125,"bread, fruit, bread, water, fruit, condiment_fat, bread, fruit, fruit, bread","Yeast breads, Bananas, Nuts and seeds, Bagels and English muffins, Apples, Cream cheese, sour cream, whipped cream, Bananas, Nuts and seeds, Bagels and English muffins, Grapes, Strawberries, Butter and animal fats, Jams, syrups, toppings, Blueberries and other berries, Pancakes, waffles, French toast",305642351.691707,0.019654020711603465,all
breakfast,yogurt and fruit breakfast,3380284.151503,80,80,"fruit, yogurt, yogurt, fruit, condiment_fat, fruit, coffee_tea, yogurt, water, beans_nuts, fruit, yogurt","Yogurt, regular, Bananas, Yogurt, Greek, Bananas, Tap water, Pancakes, waffles, French toast, Blueberries and other berries, Yogurt, regular, Nuts and seeds, Bottled water, Blueberries and other berries, Milk, whole, Yogurt, regular",305642351.691707,0.011059606539451702,all
dinner,other dinner,97811231.490792,2163,2027,"grain_starch, sweet_baked, water, meat_poultry","Pasta mixed dishes, excludes macaroni and cheese, Chicken, whole pieces, Tap water, Ice cream and frozen dairy desserts",321954836.069638,0.30380420025632315,all
dinner,mixed entree dinner,52907742.984831,1037,1028,"mixed_main, mixed_main, water, water, mixed_main, mixed_main, grain_starch","Meat mixed dishes, Poultry mixed dishes, Fried rice and lo/chow mein, Pasta mixed dishes, excludes macaroni and cheese, Cheese",321954836.069638,0.16433281024978047,all
dinner,sandwich dinner,48431015.375761,936,930,"sandwich, condiment_fat, sandwich, sandwich, sweet_drink, sandwich, condiment_fat","Egg/breakfast sandwiches, Peanut butter and jelly sandwiches, Meat and BBQ sandwiches, Mayonnaise, Deli and cured meat sandwiches",321954836.069638,0.15042797917558068,all
dinner,protein vegetable starch dinner,30233207.521667,637,637,"vegetables, grain_starch, meat_poultry, meat_poultry, vegetables, grain_starch, grain_starch, meat_poultry, vegetables, meat_poultry, grain_starch, vegetables","Macaroni and cheese, String beans, Chicken patties, nuggets and tenders, Not included in a food category, Mashed potatoes and white potato mixtures, Wine, Other vegetables and combinations, Shellfish, Turkey, duck, other poultry, Onions, Tomatoes, Soft drinks, Blueberries and other berries, Mashed potatoes and white potato mixtures, Other vegetables and combinations, Shellfish, Tap water",321954836.069638,0.09390512001853463,all
dinner,protein and starch dinner,27746170.211089,578,577,"grain_starch, meat_poultry, meat_poultry, grain_starch, meat_poultry, water, grain_starch, meat_poultry, sweet_drink, grain_starch","Chicken patties, nuggets and tenders, French fries and other fried white potatoes, Rice, Chicken, whole pieces, White potatoes, baked or boiled, Chicken, whole pieces, Rice, Pork",321954836.069638,0.08618031817694943,all
dinner,tortilla dinner,24653181.504424,488,480,"tortilla, tortilla, sweet_drink, condiment_fat, tortilla, sweet_drink, tortilla","Burritos and tacos, Other Mexican mixed dishes, Burritos and tacos, Soft drinks, Other Mexican mixed dishes, Soft drinks",321954836.069638,0.07657341571689136,all
dinner,pizza dinner,21029736.933416,409,409,"pizza, water, pizza, pizza, sweet_drink, pizza, water","Pizza, Tap water, Pizza, Bottled water, Pizza, Pizza, Tap water",321954836.069638,0.0653189037013481,all
dinner,soup dinner,19142550.047658,419,416,"soup, sweet_drink, soup, water, soup, soup, water","Soups, broth-based, Ramen and Asian broth-based soups, Soups, cream-based, Tap water, Soups, broth-based",321954836.069638,0.05945725270459213,all
lunch,other lunch,72809119.973317,1551,1508,"sweet_drink, water, grain_starch, fruit","Bottled water, Pasta mixed dishes, excludes macaroni and cheese, Tap water, Nutritional beverages",256048535.993135,0.28435671264790635,all
lunch,sandwich lunch,72557395.702307,1509,1506,"sandwich, sandwich, condiment_fat, condiment_fat, sandwich, sandwich, water","Deli and cured meat sandwiches, Mayonnaise, Deli and cured meat sandwiches, Peanut butter and jelly sandwiches, Cheese sandwiches",256048535.993135,0.2833736011060511,all
lunch,plate lunch,27969144.234385,574,573,"meat_poultry, grain_starch, grain_starch, meat_poultry, vegetables, meat_poultry, meat_poultry, vegetables","French fries and other fried white potatoes, Chicken patties, nuggets and tenders, Chicken, whole pieces, Rice mixed dishes, Chicken patties, nuggets and tenders, Soft drinks, French fries and other fried white potatoes, Tomato-based condiments, Tomato-based condiments, Chicken patties, nuggets and tenders, French fries and other fried white potatoes",256048535.993135,0.10923375963038073,all
lunch,mixed entree lunch,26970416.477025,526,525,"mixed_main, grain_starch, mixed_main, water, mixed_main, sweet_drink, mixed_main","Poultry mixed dishes, Meat mixed dishes, Fried rice and lo/chow mein, Poultry mixed dishes, Tap water",256048535.993135,0.10533321884624293,all
lunch,salad lunch,18188105.184339,376,376,"vegetables, condiment_fat, condiment_fat, vegetables, meat_poultry, condiment_fat, vegetables, meat_poultry, condiment_fat, vegetables","Crackers, excludes saltines, Other vegetables and combinations, Chicken, whole pieces, Tap water, Lettuce and lettuce salads, Lettuce and lettuce salads, Dips, gravies, other sauces, Smoothies and grain drinks, Crackers, excludes saltines, Tomatoes, Other vegetables and combinations, Onions, Lettuce and lettuce salads, Candy containing chocolate, Salad dressings and vegetable oils, Shellfish, Dips, gravies, other sauces, Cabbage, Lettuce and lettuce salads",256048535.993135,0.07103381831023883,all
lunch,tortilla lunch,13068546.757804,245,244,"tortilla, water, tortilla, condiment_fat, tortilla, tortilla, vegetables","Burritos and tacos, Other Mexican mixed dishes, Burritos and tacos, Other vegetables and combinations, Tomato-based condiments, Burritos and tacos",256048535.993135,0.051039334035303315,all
lunch,pizza lunch,12708748.829164,257,257,"pizza, water, pizza, pizza, water, pizza, sweet_drink","Pizza, Tap water, Pizza, Pizza, Tap water, Pizza, Bottled water",256048535.993135,0.04963413979256159,all
lunch,soup lunch,11777058.834794,268,268,"soup, soup, water, salty_snack, soup, water, soup","Soups, broth-based, Ramen and Asian broth-based soups, Bottled water, Soups, broth-based, Tap water, Ramen and Asian broth-based soups",256048535.993135,0.045995415631315144,all
snack,other snack,182740029.188571,3914,2811,"fruit, water, beans_nuts, sweet_drink","Nuts and seeds, Apples, Bananas, Citrus fruits",494294117.65274,0.36969897610020247,all
snack,sweet snack,176746864.435789,3749,2920,"sweet_baked, sweet_baked, water, water, sweet_baked, sweet_baked, sweet_drink","Candy not containing chocolate, Cookies and brownies, Candy containing chocolate, Ice cream and frozen dairy desserts",494294117.65274,0.3575742824436366,all
snack,salty snack,108940217.304182,2274,1989,"salty_snack, water, salty_snack, salty_snack, water, sweet_baked, salty_snack","Tortilla, corn, other chips, Popcorn, Crackers, excludes saltines, Potato chips",494294117.65274,0.22039553661190148,all
snack,coffee or tea snack,14750221.974465,333,295,"coffee_tea, coffee_tea, condiment_fat, condiment_fat, coffee_tea, fruit, coffee_tea","Tea, Coffee, Cream and cream substitutes, Coffee, Coffee, Cream and cream substitutes",494294117.65274,0.02984098221623503,all
snack,sandwich snack,6724397.267046,140,137,"sandwich, condiment_fat, sandwich, sandwich, condiment_fat, water, sandwich","Peanut butter and jelly sandwiches, Deli and cured meat sandwiches, Deli and cured meat sandwiches, Mayonnaise, Cheese sandwiches",494294117.65274,0.013604040644825434,all
snack,fruit and dairy snack,4392387.482687,105,100,"fruit, yogurt, cheese, fruit, yogurt, fruit, fruit, cheese","Bananas, Yogurt, regular, Apples, Cheese, Cheese, Apples, Yogurt, regular, Strawberries",494294117.65274,0.00888618198319895,all
breakfast,other breakfast,38269997.523835,727,684,"sweet_drink, sweet_baked, fruit, water","Doughnuts, sweet rolls, pastries, Tap water, Smoothies and grain drinks, Eggs and omelets",138774967.479448,0.27577017828883754,pir_3plus
breakfast,cereal or oatmeal breakfast,30590345.810367,645,643,"milk_dairy_drink, cereal_oatmeal, cereal_oatmeal, milk_dairy_drink, cereal_oatmeal, fruit, cereal_oatmeal","Milk, reduced fat, Ready-to-eat cereal, higher sugar (>21.2g/100g), Ready-to-eat cereal, higher sugar (>21.2g/100g), Milk, reduced fat, Ready-to-eat cereal, higher sugar (>21.2g/100g), Milk, whole, Oatmeal",138774967.479448,0.220431295110174,pir_3plus
breakfast,coffee-first breakfast,24709408.157525,496,484,"coffee_tea, condiment_fat, coffee_tea, coffee_tea, condiment_fat, coffee_tea, milk_dairy_drink","Coffee, Coffee, Cream and cream substitutes, Cream and cream substitutes, Coffee, Tea",138774967.479448,0.1780537845284263,pir_3plus
breakfast,coffee and pastry breakfast,14242428.547598,291,289,"coffee_tea, sweet_baked, condiment_fat, bread, coffee_tea, sweet_baked, coffee_tea, condiment_fat, coffee_tea, bread","Doughnuts, sweet rolls, pastries, Coffee, Coffee, Cereal bars, Doughnuts, sweet rolls, pastries, Coffee, Cream and cream substitutes, Tea, Doughnuts, sweet rolls, pastries",138774967.479448,0.1026296658992714,pir_3plus
breakfast,eggs with bread or meat,13705813.529408,252,252,"condiment_fat, eggs, bread, condiment_fat, eggs, bread, coffee_tea, eggs, bread, condiment_fat, sweet_drink, eggs, breakfast_meat","Yeast breads, Eggs and omelets, Eggs and omelets, Butter and animal fats, Yeast breads, Yeast breads, Butter and animal fats, Eggs and omelets, Eggs and omelets, Yeast breads, Mustard and other condiments",138774967.479448,0.09876286608705404,pir_3plus
breakfast,breakfast sandwich or burrito,12664513.269658,215,215,"sandwich, coffee_tea, sandwich, condiment_fat, sandwich, water, sandwich","Egg/breakfast sandwiches, Mayonnaise, Deli and cured meat sandwiches, Coffee, Egg/breakfast sandwiches, Egg/breakfast sandwiches, Tap water",138774967.479448,0.09125934957638208,pir_3plus
breakfast,fruit and bread breakfast,2954212.653558,54,53,"bread, fruit, condiment_fat, bread, fruit, fruit, bread, beans_nuts, condiment_fat, bread, fruit","Bananas, Nuts and seeds, Bagels and English muffins, Grapes, Strawberries, Butter and animal fats, Jams, syrups, toppings, Blueberries and other berries, Pancakes, waffles, French toast, Pancakes, waffles, French toast, Tap water, Grapes, Bacon, Citrus juice, Strawberries, Sausages, Pancakes, waffles, French toast, Jams, syrups, toppings",138774967.479448,0.021287792079616282,pir_3plus
breakfast,yogurt and fruit breakfast,1638247.987499,41,41,"fruit, yogurt, yogurt, fruit, condiment_fat, fruit, coffee_tea, yogurt, water, beans_nuts, fruit, yogurt","Nuts and seeds, Bottled water, Blueberries and other berries, Milk, whole, Yogurt, regular, Eggs and omelets, Tea, Bananas, Yogurt, Greek, Blueberries and other berries, Yogurt, Greek, Coffee, Yogurt, regular, Bananas",138774967.479448,0.011805068430238458,pir_3plus
dinner,other dinner,41533077.733286,854,811,"sweet_baked, grain_starch, alcohol, fruit","Pasta mixed dishes, excludes macaroni and cheese, Cakes and pies, Beer, Ice cream and frozen dairy desserts",140047948.034875,0.29656327219405854,pir_3plus
dinner,mixed entree dinner,26827692.143497,484,480,"mixed_main, mixed_main, water, mixed_main, grain_starch, water, mixed_main","Meat mixed dishes, Fried rice and lo/chow mein, Stir-fry and soy-based sauce mixtures, Rice, Pasta mixed dishes, excludes macaroni and cheese, Cheese",140047948.034875,0.191560765580202,pir_3plus
dinner,sandwich dinner,20339504.50532,366,366,"sandwich, sandwich, sweet_drink, sandwich, condiment_fat, condiment_fat, sandwich","Meat and BBQ sandwiches, Egg/breakfast sandwiches, Peanut butter and jelly sandwiches, Mayonnaise, Deli and cured meat sandwiches",140047948.034875,0.14523243496759425,pir_3plus
dinner,protein vegetable starch dinner,14849286.636731,308,308,"meat_poultry, vegetables, grain_starch, vegetables, grain_starch, meat_poultry, meat_poultry, grain_starch, vegetables, condiment_fat, meat_poultry, grain_starch, vegetables","Not included in a food category, Mashed potatoes and white potato mixtures, Wine, Other vegetables and combinations, Shellfish, Mashed potatoes and white potato mixtures, Other vegetables and combinations, Shellfish, Tap water, Lettuce and lettuce salads, Lamb, goat, game, Cheese, Onions, Wine, Tomato-based condiments, Butter and animal fats, Beer, Bottled water, Shellfish",140047948.034875,0.10603001932618965,pir_3plus
dinner,protein and starch dinner,10470439.256303,188,188,"grain_starch, meat_poultry, meat_poultry, grain_starch, water, grain_starch, meat_poultry, meat_poultry, water, grain_starch","Rice, Beans, peas, legumes, Rice, Chicken, whole pieces, Chicken, whole pieces, Rice, Tortilla, corn, other chips, Cheese, Rice mixed dishes, Beans, peas, legumes, Dips, gravies, other sauces",140047948.034875,0.07476324646824266,pir_3plus
dinner,pizza dinner,9299180.207308,167,167,"pizza, pizza, sweet_drink, pizza, water, water, pizza","Pizza, Tap water, Pizza, Pizza, Tap water, Pizza, Soft drinks",140047948.034875,0.06639997470717886,pir_3plus
dinner,soup dinner,8582335.612817,171,169,"soup, soup, salty_snack, coffee_tea, soup, water, soup","Soups, broth-based, Ramen and Asian broth-based soups, Saltine crackers, Soups, broth-based, Soups, broth-based, Soft drinks",140047948.034875,0.061281409211935124,pir_3plus
dinner,tortilla dinner,8146431.939613,163,161,"condiment_fat, tortilla, tortilla, condiment_fat, vegetables, tortilla, tortilla, vegetables","Other Mexican mixed dishes, Burritos and tacos, Cream cheese, sour cream, whipped cream, Other Mexican mixed dishes, Other Mexican mixed dishes, Cream cheese, sour cream, whipped cream",140047948.034875,0.058168877544598936,pir_3plus
lunch,sandwich lunch,34073552.869223,668,668,"sandwich, sandwich, condiment_fat, condiment_fat, sandwich, sandwich, water","Mayonnaise, Deli and cured meat sandwiches, Peanut butter and jelly sandwiches, Cheese sandwiches, Deli and cured meat sandwiches",118427730.485366,0.28771599970357814,pir_3plus
lunch,other lunch,32766530.540489,640,619,"sweet_drink, grain_starch, sweet_baked, water","Pasta mixed dishes, excludes macaroni and cheese, Nutritional beverages, Tap water, Tea",118427730.485366,0.27667954461508426,pir_3plus
lunch,mixed entree lunch,13112519.110752,243,243,"mixed_main, grain_starch, mixed_main, water, mixed_main, mixed_main, condiment_fat","Meat mixed dishes, Poultry mixed dishes, Seafood mixed dishes, Tap water, Fried rice and lo/chow mein, Stir-fry and soy-based sauce mixtures",118427730.485366,0.11072169547631668,pir_3plus
lunch,plate lunch,11541877.539289,220,219,"meat_poultry, vegetables, grain_starch, meat_poultry, meat_poultry, grain_starch, meat_poultry, grain_starch, condiment_fat, sweet_drink","Chicken, whole pieces, Rice mixed dishes, Tomato-based condiments, Chicken patties, nuggets and tenders, French fries and other fried white potatoes, Turkey, duck, other poultry, Coleslaw, non-lettuce salads, Chicken patties, nuggets and tenders, Tomato-based condiments, Apple juice, French fries and other fried white potatoes",118427730.485366,0.09745924786353326,pir_3plus
lunch,salad lunch,10160430.826873,217,217,"condiment_fat, vegetables, meat_poultry, condiment_fat, vegetables, vegetables, meat_poultry, water, salty_snack, beans_nuts, condiment_fat, vegetables","Crackers, excludes saltines, Other vegetables and combinations, Chicken, whole pieces, Tap water, Lettuce and lettuce salads, Lettuce and lettuce salads, Dips, gravies, other sauces, Smoothies and grain drinks, Crackers, excludes saltines, Tomatoes, Other vegetables and combinations, Onions, Lettuce and lettuce salads, Candy containing chocolate, Salad dressings and vegetable oils, Shellfish, Dips, gravies, other sauces, Cabbage, Lettuce and lettuce salads",118427730.485366,0.08579435563977574,pir_3plus
lunch,tortilla lunch,5880484.148394,104,104,"condiment_fat, tortilla, tortilla, vegetables, tortilla, condiment_fat, tortilla, vegetables","Burritos and tacos, Tomato-based condiments, Burritos and tacos, Soft drinks, Other Mexican mixed dishes, Tortilla, corn, other chips, Burritos and tacos, Onions, Tomatoes, Tap water",118427730.485366,0.049654621635433986,pir_3plus
lunch,pizza lunch,5759891.693393,101,101,"pizza, water, pizza, pizza, water, sweet_baked, pizza, sweet_drink","Pizza, Tap water, Pizza, Pizza, Tap water, Pizza, Bottled water",118427730.485366,0.04863634277028339,pir_3plus
lunch,soup lunch,5132443.756953,108,108,"soup, soup, water, salty_snack, soup, soup, bread","Soups, broth-based, Ramen and Asian broth-based soups, Tap water, Soups, broth-based, Bottled water, Soups, broth-based",118427730.485366,0.043338192295994483,pir_3plus
snack,other snack,81781466.677425,1613,1171,"fruit, beans_nuts, water, sweet_drink","Nuts and seeds, Apples, Bananas, Cheese",220614474.438965,0.37069855405181307,pir_3plus
snack,sweet snack,78553960.760026,1557,1229,"sweet_baked, sweet_baked, water, water, sweet_baked, coffee_tea, sweet_baked","Candy containing chocolate, Candy not containing chocolate, Cookies and brownies, Ice cream and frozen dairy desserts",220614474.438965,0.35606893409778817,pir_3plus
snack,salty snack,47884040.480615,928,821,"salty_snack, water, salty_snack, salty_snack, water, sweet_baked, salty_snack","Crackers, excludes saltines, Tortilla, corn, other chips, Popcorn, Potato chips",220614474.438965,0.21704849875506493,pir_3plus
snack,coffee or tea snack,8038410.742499,159,145,"coffee_tea, coffee_tea, condiment_fat, condiment_fat, coffee_tea, beans_nuts, coffee_tea","Coffee, Tea, Coffee, Cream and cream substitutes, Nuts and seeds, Tea",220614474.438965,0.03643646122014945,pir_3plus
snack,fruit and dairy snack,2179512.718395,45,43,"cheese, fruit, fruit, cheese, fruit, yogurt, yogurt, fruit","Apples, Cheese, Bananas, Yogurt, regular, Other fruits and fruit salads, Strawberries, Yogurt, Greek, Dried fruits, Apples, Yogurt, regular, Nuts and seeds",220614474.438965,0.00987928250826526,pir_3plus
snack,sandwich snack,2177083.060005,44,43,"sandwich, sandwich, sweet_drink, sandwich, vegetables, condiment_fat, sandwich","Peanut butter and jelly sandwiches, Cheese sandwiches, Egg/breakfast sandwiches, Other diet drinks, Mayonnaise, Deli and cured meat sandwiches",220614474.438965,0.009868269366919123,pir_3plus
breakfast,other breakfast,19430017.376422,373,353,"sweet_drink, sweet_baked, fruit, water","Tap water, Smoothies and grain drinks, Eggs and omelets, Nutritional beverages",74855190.21512,0.2595680716405064,pir_5plus
breakfast,cereal or oatmeal breakfast,17738140.256074,364,364,"milk_dairy_drink, cereal_oatmeal, cereal_oatmeal, milk_dairy_drink, cereal_oatmeal, cereal_oatmeal, coffee_tea, milk_dairy_drink","Ready-to-eat cereal, higher sugar (>21.2g/100g), Milk, whole, Milk, reduced fat, Ready-to-eat cereal, higher sugar (>21.2g/100g), Ready-to-eat cereal, higher sugar (>21.2g/100g), Milk, reduced fat, Ready-to-eat cereal, lower sugar (=<21.2g/100g), Milk, reduced fat",74855190.21512,0.23696607015622909,pir_5plus
breakfast,coffee-first breakfast,13446444.605673,274,266,"coffee_tea, condiment_fat, coffee_tea, coffee_tea, condiment_fat, coffee_tea, milk_dairy_drink","Coffee, Coffee, Cream and cream substitutes, Cream and cream substitutes, Coffee, Tea",74855190.21512,0.17963276249823693,pir_5plus
breakfast,coffee and pastry breakfast,7858359.164885,162,160,"coffee_tea, sweet_baked, coffee_tea, condiment_fat, bread, bread, coffee_tea, condiment_fat, condiment_fat, coffee_tea, bread","Yeast breads, Coffee, Butter and animal fats, Coffee, Biscuits, muffins, quick breads, Doughnuts, sweet rolls, pastries, Coffee, Biscuits, muffins, quick breads, Coffee",74855190.21512,0.10498081886241323,pir_5plus
breakfast,eggs with bread or meat,7636469.013488,140,140,"sweet_drink, eggs, breakfast_meat, condiment_fat, eggs, bread, coffee_tea, condiment_fat, eggs, bread, eggs, condiment_fat, bread, coffee_tea","Eggs and omelets, Yeast breads, Mustard and other condiments, Bagels and English muffins, Sugars and honey, Butter and animal fats, Coffee, Eggs and omelets, Soy and meat-alternative products, Eggs and omelets, Margarine, Yeast breads, Yeast breads, Tea, Butter and animal fats, Plant-based milk, Eggs and omelets",74855190.21512,0.10201656012819148,pir_5plus
breakfast,breakfast sandwich or burrito,6128255.53673,104,104,"sandwich, coffee_tea, sandwich, condiment_fat, sandwich, condiment_fat, coffee_tea, sandwich","Egg/breakfast sandwiches, Coffee, Egg/breakfast sandwiches, Egg/breakfast sandwiches, Tap water, Egg/breakfast sandwiches, Milk, reduced fat",74855190.21512,0.08186814460184423,pir_5plus
breakfast,fruit and bread breakfast,1669505.607727,34,33,"bread, fruit, fruit, beans_nuts, bread, bread, juice_smoothie, water, breakfast_meat, bread, fruit, milk_dairy_drink","Bananas, Nuts and seeds, Bagels and English muffins, Grapes, Pancakes, waffles, French toast, Tap water, Grapes, Bacon, Citrus juice, Flavored milk, nonfat, Biscuits, muffins, quick breads, Apples, Nuts and seeds, Yeast breads, Pears",74855190.21512,0.022303137603807418,pir_5plus
breakfast,yogurt and fruit breakfast,947998.654121,25,25,"fruit, yogurt, yogurt, fruit, condiment_fat, fruit, coffee_tea, yogurt, yogurt, fruit, coffee_tea","Blueberries and other berries, Yogurt, Greek, Coffee, Yogurt, regular, Bananas, Coffee, Yogurt, regular, Blueberries and other berries, Peaches and nectarines, Flavored or carbonated water, Yogurt, regular, Strawberries, Butter and animal fats",74855190.21512,0.012664434508771225,pir_5plus
dinner,other dinner,21580051.298793,444,421,"grain_starch, sweet_baked, alcohol, meat_poultry","Pasta mixed dishes, excludes macaroni and cheese, Cakes and pies, Cookies and brownies, Chicken, whole pieces",75192067.568995,0.28699904120858893,pir_5plus
dinner,mixed entree dinner,16068610.930053,284,280,"mixed_main, mixed_main, water, water, mixed_main, cheese, grain_starch","Meat mixed dishes, Fried rice and lo/chow mein, Cheese, Pasta mixed dishes, excludes macaroni and cheese, Pasta mixed dishes, excludes macaroni and cheese, Cheese",75192067.568995,0.21370087895652964,pir_5plus
dinner,sandwich dinner,9593746.554971,167,167,"sandwich, sandwich, condiment_fat, sandwich, condiment_fat, vegetables, vegetables, condiment_fat, grain_starch, sandwich","Egg/breakfast sandwiches, Meat and BBQ sandwiches, Seafood sandwiches, Mayonnaise, Other fruit juice, Not included in a food category, French fries and other fried white potatoes, Mustard and other condiments, Tomato-based condiments, Beer",75192067.568995,0.12758987570288496,pir_5plus
dinner,protein vegetable starch dinner,8675329.91195,183,183,"vegetables, grain_starch, meat_poultry, meat_poultry, vegetables, grain_starch, seafood, vegetables, water, grain_starch, grain_starch, condiment_fat, vegetables, meat_poultry","Not included in a food category, Mashed potatoes and white potato mixtures, Wine, Other vegetables and combinations, Shellfish, Tomato-based condiments, Butter and animal fats, Beer, Bottled water, Shellfish, Pasta, noodles, cooked grains, Candy containing chocolate, Beer, String beans, Chicken, whole pieces, Chicken, whole pieces, Broccoli, Pasta mixed dishes, excludes macaroni and cheese, Tomato-based condiments, Butter and animal fats",75192067.568995,0.1153756000124569,pir_5plus
dinner,protein and starch dinner,5492724.802415,102,102,"grain_starch, meat_poultry, water, grain_starch, meat_poultry, seafood, grain_starch, grain_starch, meat_poultry, sweet_drink, condiment_fat","Rice, Beans, peas, legumes, Rice, Chicken, whole pieces, Tortilla, corn, other chips, Cheese, Rice mixed dishes, Beans, peas, legumes, Dips, gravies, other sauces, Beans, peas, legumes, Fruit drinks, Rice",75192067.568995,0.07304925878484411,pir_5plus
dinner,soup dinner,5162372.621803,103,102,"soup, soup, bread, alcohol, soup, salty_snack, soup, water","Soups, broth-based, Soups, broth-based, Cookies and brownies, Salad dressings and vegetable oils, Yogurt, Greek, Seafood mixed dishes, Other dark green vegetables, Wine, Rice, Soups, broth-based",75192067.568995,0.06865581421957964,pir_5plus
dinner,pizza dinner,4618974.36147,82,82,"pizza, pizza, sweet_drink, water, pizza, pizza, water","Pizza, Tap water, Pizza, Beer, Pizza, Diet soft drinks, Pizza",75192067.568995,0.0614290112082861,pir_5plus
dinner,tortilla dinner,4000257.0875399997,84,84,"tortilla, tortilla, water, vegetables, condiment_fat, tortilla, vegetables, tortilla, salty_snack, condiment_fat","Rice mixed dishes, Other Mexican mixed dishes, Tomatoes, White potatoes, baked or boiled, Cabbage, Strawberries, Tortillas, Other Mexican mixed dishes, Chicken, whole pieces, Burritos and tacos, Onions, Dips, gravies, other sauces, Tortilla, corn, other chips, Soft drinks, Burritos and tacos, Beans, peas, legumes, Tomato-based condiments",75192067.568995,0.05320051990682967,pir_5plus
lunch,sandwich lunch,18766943.77216,359,359,"sandwich, sandwich, condiment_fat, vegetables, sandwich, condiment_fat, sandwich","Peanut butter and jelly sandwiches, Deli and cured meat sandwiches, Cheese sandwiches, Deli and cured meat sandwiches, Mayonnaise",64105600.120116,0.29275045763546376,pir_5plus
lunch,other lunch,17218959.335537,356,341,"sweet_drink, grain_starch, sweet_baked, fruit","Pasta mixed dishes, excludes macaroni and cheese, Smoothies and grain drinks, Nutritional beverages, Apples, Nuts and seeds",64105600.120116,0.2686030440908981,pir_5plus
lunch,mixed entree lunch,7730107.403887,139,139,"mixed_main, grain_starch, mixed_main, mixed_main, condiment_fat, sweet_drink, mixed_main","Meat mixed dishes, Poultry mixed dishes, Rice, Poultry mixed dishes, Tap water, Fried rice and lo/chow mein",64105600.120116,0.12058396441813096,pir_5plus
lunch,salad lunch,6065682.016983,131,131,"meat_poultry, condiment_fat, vegetables, water, cheese, salty_snack, condiment_fat, salty_snack, sweet_drink, vegetables, condiment_fat, condiment_fat, grain_starch, seafood, soup","Crackers, excludes saltines, Other vegetables and combinations, Chicken, whole pieces, Tap water, Lettuce and lettuce salads, Lettuce and lettuce salads, Dips, gravies, other sauces, Smoothies and grain drinks, Crackers, excludes saltines, Tomatoes, Other vegetables and combinations, Onions, Lettuce and lettuce salads, Candy containing chocolate, Salad dressings and vegetable oils, Shellfish, Dips, gravies, other sauces, Cabbage, Lettuce and lettuce salads",64105600.120116,0.09462015807694811,pir_5plus
lunch,plate lunch,5577250.008111,104,103,"meat_poultry, vegetables, meat_poultry, sweet_drink, grain_starch, meat_poultry, vegetables, sweet_drink, vegetables, meat_poultry","Rice mixed dishes, Tea, Chicken, whole pieces, Other vegetables and combinations, Carrots, French fries and other fried white potatoes, Biscuits, muffins, quick breads, Mustard and other condiments, Diet soft drinks, Chicken patties, nuggets and tenders, Cheese, Turnovers and other grain-based items, Peaches and nectarines, Tap water, Yeast breads, Butter and animal fats, Liver and organ meats, Pasta mixed dishes, excludes macaroni and cheese, Doughnuts, sweet rolls, pastries, Bottled water",64105600.120116,0.08700097959711461,pir_5plus
lunch,pizza lunch,3385000.989892,59,59,"pizza, water, pizza, pizza, sweet_drink, pizza, water","Pizza, Tap water, Pizza, Pizza, Tap water, Pizza, Grapes, Nutritional beverages",64105600.120116,0.05280351456892148,pir_5plus
lunch,soup lunch,2846063.471655,60,60,"soup, soup, water, salty_snack, soup, condiment_fat, soup","Soups, broth-based, Ramen and Asian broth-based soups, Tap water, Soups, broth-based, Diet soft drinks, Soups, broth-based",64105600.120116,0.04439648745698147,pir_5plus
lunch,tortilla lunch,2515593.121891,53,53,"condiment_fat, tortilla, tortilla, tortilla, condiment_fat, water, tortilla, vegetables, condiment_fat","Burritos and tacos, Soft drinks, Other Mexican mixed dishes, Cream cheese, sour cream, whipped cream, Eggs and omelets, Dips, gravies, other sauces, Milk, reduced fat, Other Mexican mixed dishes, Not included in a food category, Burritos and tacos, Mustard and other condiments, Onions, Diet soft drinks",64105600.120116,0.03924139415554149,pir_5plus
snack,other snack,43063700.780523,850,629,"fruit, beans_nuts, water, sweet_drink","Nuts and seeds, Apples, Bananas, Citrus fruits",117006911.107347,0.36804407853322935,pir_5plus
snack,sweet snack,40792458.268856,802,640,"sweet_baked, water, sweet_baked, sweet_baked, water, coffee_tea, sweet_baked","Cookies and brownies, Candy containing chocolate, Candy not containing chocolate, Ice cream and frozen dairy desserts",117006911.107347,0.34863289597852304,pir_5plus
snack,salty snack,26261478.704891,507,450,"salty_snack, water, salty_snack, salty_snack, water, sweet_baked, salty_snack","Crackers, excludes saltines, Tortilla, corn, other chips, Popcorn, Potato chips",117006911.107347,0.22444382520958636,pir_5plus
snack,coffee or tea snack,4699511.147378,95,84,"coffee_tea, condiment_fat, coffee_tea, fruit, coffee_tea, coffee_tea, condiment_fat","Coffee, Tea, Nuts and seeds, Tea, Tea, Nuts and seeds",117006911.107347,0.0401643894612898,pir_5plus
snack,fruit and dairy snack,1329379.395364,27,26,"fruit, cheese, cheese, fruit, fruit, yogurt, fruit, beans_nuts, yogurt","Apples, Cheese, Bananas, Yogurt, regular, Dried fruits, Apples, Yogurt, regular, Nuts and seeds, Bananas, Tea, Cheese",117006911.107347,0.011361545935900932,pir_5plus
snack,sandwich snack,860382.810335,19,18,"sandwich, condiment_fat, sandwich, sandwich, vegetables, alcohol, sandwich, condiment_fat, vegetables","Peanut butter and jelly sandwiches, Vegetables on a sandwich, Olives, pickles, pickled vegetables, Frankfurter sandwiches, Liquor and cocktails, Beer, Peanut butter and jelly sandwiches, Bananas, Soft drinks, Smoothies and grain drinks, Burgers",117006911.107347,0.007353264881470541,pir_5plus
breakfast,other breakfast,16788579.411691,421,392,"sweet_drink, water, fruit, sweet_baked","Eggs and omelets, Tap water, Bottled water, Bananas",51220821.88163,0.3277686455420214,pir_lt_1_3
breakfast,cereal or oatmeal breakfast,11151810.040949,287,286,"milk_dairy_drink, cereal_oatmeal, cereal_oatmeal, milk_dairy_drink, cereal_oatmeal, water, milk_dairy_drink, cereal_oatmeal","Ready-to-eat cereal, higher sugar (>21.2g/100g), Milk, whole, Ready-to-eat cereal, higher sugar (>21.2g/100g), Milk, reduced fat, Milk, whole, Ready-to-eat cereal, higher sugar (>21.2g/100g), Milk, reduced fat, Ready-to-eat cereal, higher sugar (>21.2g/100g)",51220821.88163,0.21772024796323153,pir_lt_1_3
breakfast,coffee-first breakfast,6762323.133697,166,164,"coffee_tea, condiment_fat, condiment_fat, coffee_tea, coffee_tea, coffee_tea, water, condiment_fat","Coffee, Cream and cream substitutes, Coffee, Coffee, Cream and cream substitutes, Cream and cream substitutes, Coffee, Sugars and honey",51220821.88163,0.1320229329651241,pir_lt_1_3
breakfast,breakfast sandwich or burrito,5606862.238985,129,129,"sandwich, sandwich, sweet_drink, condiment_fat, coffee_tea, sandwich, sandwich, milk_dairy_drink","Egg/breakfast sandwiches, Deli and cured meat sandwiches, Egg/breakfast sandwiches, Coffee, Egg/breakfast sandwiches, Soft drinks",51220821.88163,0.10946451136497408,pir_lt_1_3
breakfast,eggs with bread or meat,4983171.062349,125,125,"condiment_fat, coffee_tea, bread, eggs, eggs, milk_dairy_drink, breakfast_meat, breakfast_meat, eggs, bread, water, bread, eggs","Tortillas, Bottled water, Eggs and omelets, Eggs and omelets, Yeast breads, Eggs and omelets, Milk, whole, Tap water, Tea, Yeast breads, Sugars and honey, Eggs and omelets, Margarine, Yeast breads, Bottled water",51220821.88163,0.09728799498502737,pir_lt_1_3
breakfast,coffee and pastry breakfast,4810950.865132,107,107,"condiment_fat, bread, coffee_tea, sweet_baked, coffee_tea, bread, condiment_fat, coffee_tea, bread, coffee_tea, condiment_fat","Doughnuts, sweet rolls, pastries, Coffee, Coffee, Doughnuts, sweet rolls, pastries, Cream and cream substitutes, Cream and cream substitutes, Biscuits, muffins, quick breads, Coffee, Sugar substitutes, Cream and cream substitutes, Coffee, Candy containing chocolate",51220821.88163,0.09392568663286942,pir_lt_1_3
breakfast,fruit and bread breakfast,724759.424091,24,24,"bread, water, fruit, milk_dairy_drink, condiment_fat, fruit, bread, milk_dairy_drink, fruit, bread, fruit, condiment_fat, milk_dairy_drink, bread","Flavored milk, reduced fat, Bananas, Pancakes, waffles, French toast, Jams, syrups, toppings, Strawberries, Biscuits, muffins, quick breads, Pears, Bananas, Tap water, Pancakes, waffles, French toast, Jams, syrups, toppings, Diet sport and energy drinks, Bananas, Grapes, Citrus juice, Pancakes, waffles, French toast",51220821.88163,0.014149703137640007,pir_lt_1_3
breakfast,yogurt and fruit breakfast,392365.704736,11,11,"fruit, yogurt, water, fruit, cheese, yogurt, yogurt, sweet_drink, fruit, coffee_tea, condiment_fat, water, fruit","Bottled water, Cheese, Bananas, Yogurt, regular, Blueberries and other berries, Nutritional beverages, Yogurt, Greek, Blueberries and other berries, Yogurt, regular, Cream and cream substitutes, Coffee, Tap water, Bananas, Tap water, Yogurt, Greek",51220821.88163,0.007660277409112001,pir_lt_1_3
dinner,other dinner,18095820.767916,480,442,"grain_starch, water, meat_poultry, sweet_baked","Pasta mixed dishes, excludes macaroni and cheese, Chicken, whole pieces, Tap water, Bottled water",58682171.740377,0.308369990939939,pir_lt_1_3
dinner,mixed entree dinner,7893944.287701,180,179,"mixed_main, mixed_main, water, water, mixed_main, mixed_main, grain_starch","Meat mixed dishes, Poultry mixed dishes, Cheese, Pasta mixed dishes, excludes macaroni and cheese, Pasta mixed dishes, excludes macaroni and cheese, Cheese",58682171.740377,0.13452031602759298,pir_lt_1_3
dinner,sandwich dinner,7881928.622684,197,194,"sandwich, condiment_fat, sandwich, sandwich, water, sandwich, sweet_drink","Burgers, Peanut butter and jelly sandwiches, Soft drinks, French fries and other fried white potatoes, Burgers, Mayonnaise, Deli and cured meat sandwiches, Tortilla, corn, other chips",58682171.740377,0.13431555767150896,pir_lt_1_3
dinner,protein and starch dinner,6733974.417626,156,156,"meat_poultry, grain_starch, grain_starch, meat_poultry, meat_poultry, sweet_drink, grain_starch, meat_poultry, coffee_tea, grain_starch","Rice, Pork, Chicken, whole pieces, Rice mixed dishes, Pork, Rice, Chicken, whole pieces, Mashed potatoes and white potato mixtures",58682171.740377,0.11475332657111946,pir_lt_1_3
dinner,tortilla dinner,5920884.883049,126,122,"tortilla, sweet_drink, tortilla, tortilla, sweet_drink, water, tortilla","Other Mexican mixed dishes, Burritos and tacos, Soft drinks, Burritos and tacos, Fruit drinks, Burritos and tacos",58682171.740377,0.1008975078366955,pir_lt_1_3
dinner,protein vegetable starch dinner,4494654.440875,108,108,"vegetables, water, grain_starch, meat_poultry, vegetables, grain_starch, meat_poultry, meat_poultry, vegetables, grain_starch, vegetables, water, meat_poultry, grain_starch","Spinach, Pears, Pasta, noodles, cooked grains, Fish, Tomatoes, Salad dressings and vegetable oils, Chicken, whole pieces, Lettuce and lettuce salads, Rice, Tap water, Cabbage, Chicken, whole pieces, Rice, Other vegetables and combinations, Rice, Soft drinks, Corn, Beef, excludes ground, Other vegetables and combinations",58682171.740377,0.0765931850777499,pir_lt_1_3
dinner,soup dinner,3847443.438381,90,90,"soup, sweet_drink, soup, soup, sweet_drink, water, soup","Soups, broth-based, Ramen and Asian broth-based soups, Soups, cream-based, Dried fruits, Salad dressings and vegetable oils, Vegetable dishes",58682171.740377,0.06556409424318764,pir_lt_1_3
dinner,pizza dinner,3813520.882145,83,83,"pizza, pizza, sweet_drink, water, pizza, sweet_drink, pizza","Pizza, Soft drinks, Pizza, Pizza, Bottled water, Pizza, Soft drinks",58682171.740377,0.06498602163220656,pir_lt_1_3
lunch,other lunch,12991720.734137,337,323,"water, sweet_drink, grain_starch, fruit","Bottled water, Soft drinks, Macaroni and cheese, Apple juice",42494864.03883,0.3057244923119584,pir_lt_1_3
lunch,sandwich lunch,11223718.869618,266,266,"sandwich, condiment_fat, sandwich, sweet_drink, sandwich, sandwich, water","Peanut butter and jelly sandwiches, Mayonnaise, Deli and cured meat sandwiches, Deli and cured meat sandwiches, Deli and cured meat sandwiches, Vegetables on a sandwich",42494864.03883,0.2641194206283904,pir_lt_1_3
lunch,plate lunch,4909076.501747,130,130,"vegetables, meat_poultry, grain_starch, meat_poultry, meat_poultry, grain_starch, water, grain_starch, meat_poultry","French fries and other fried white potatoes, Chicken patties, nuggets and tenders, Rice, Chicken, whole pieces, Lamb, goat, game, Rice mixed dishes, Vegetable dishes, Apple juice, Rice, Chicken, whole pieces, Citrus juice, Other vegetables and combinations, Coleslaw, non-lettuce salads",42494864.03883,0.11552164273925657,pir_lt_1_3
lunch,mixed entree lunch,3332775.4355119998,86,86,"mixed_main, mixed_main, water, mixed_main, grain_starch, sweet_drink, mixed_main","Meat mixed dishes, Poultry mixed dishes, Fried rice and lo/chow mein, Pasta, noodles, cooked grains, Pasta sauces, tomato-based",42494864.03883,0.07842772322948607,pir_lt_1_3
lunch,tortilla lunch,2941450.562327,56,56,"tortilla, water, tortilla, vegetables, condiment_fat, tortilla, water, tortilla, condiment_fat, sweet_drink, vegetables","Burritos and tacos, Other Mexican mixed dishes, Tomato-based condiments, Lettuce and lettuce salads, Burritos and tacos, Bottled water, Burritos and tacos, Flavored milk, reduced fat, Apples, Lettuce and lettuce salads, Tomatoes",42494864.03883,0.06921896631176952,pir_lt_1_3
lunch,pizza lunch,2671240.865745,70,70,"pizza, water, pizza, pizza, water, pizza, sweet_drink","Pizza, Pizza, Bottled water, Pizza, Tap water, Bottled water, Pizza",42494864.03883,0.06286032268050402,pir_lt_1_3
lunch,soup lunch,2440373.23139,61,61,"soup, soup, water, water, soup, sweet_drink, soup","Soups, broth-based, Ramen and Asian broth-based soups, Soups, broth-based, Apple juice, Soups, broth-based, Soft drinks",42494864.03883,0.05742748651131324,pir_lt_1_3
lunch,salad lunch,1984507.838354,50,50,"condiment_fat, vegetables, meat_poultry, vegetables, condiment_fat, water, condiment_fat, vegetables, meat_poultry, vegetables, grain_starch, condiment_fat, beans_nuts","Onions, Tomatoes, Spinach, Other vegetables and combinations, Chicken, whole pieces, Bottled water, Salad dressings and vegetable oils, Tomatoes, Other fruit juice, Lettuce and lettuce salads, Mango and papaya, Apples, Beef, excludes ground, Tomato-based condiments, Citrus fruits, Pork, Tomatoes, Beans, peas, legumes, Lettuce and lettuce salads, Salad dressings and vegetable oils",42494864.03883,0.04669994558732183,pir_lt_1_3
snack,other snack,32720825.630599,849,593,"fruit, water, sweet_drink, beans_nuts","Bottled water, Apples, Nuts and seeds, Citrus fruits",82312193.252262,0.3975210031194231,pir_lt_1_3
snack,sweet snack,28064728.356921,714,578,"sweet_baked, water, sweet_baked, sweet_baked, water, sweet_baked, sweet_drink","Cookies and brownies, Candy not containing chocolate, Ice cream and frozen dairy desserts, Candy containing chocolate",82312193.252262,0.34095469028399095,pir_lt_1_3
snack,salty snack,17188509.219024,459,408,"salty_snack, water, salty_snack, salty_snack, water, salty_snack, sweet_baked","Tortilla, corn, other chips, Potato chips, Crackers, excludes saltines, Popcorn",82312193.252262,0.20882093575548902,pir_lt_1_3
snack,coffee or tea snack,1958153.537152,60,49,"coffee_tea, condiment_fat, condiment_fat, coffee_tea, coffee_tea, cereal_oatmeal, condiment_fat, coffee_tea","Sugars and honey, Coffee, Tea, Tea, Sugars and honey, Coffee",82312193.252262,0.023789349545708875,pir_lt_1_3
snack,sandwich snack,1765969.199399,40,38,"sandwich, sandwich, condiment_fat, sweet_drink, sandwich, condiment_fat, sandwich","Peanut butter and jelly sandwiches, Cheese sandwiches, Butter and animal fats, Cheese sandwiches, Yeast breads, Mayonnaise, Sausages",82312193.252262,0.021454527326065023,pir_lt_1_3
snack,fruit and dairy snack,614007.309167,20,18,"yogurt, fruit, cheese, fruit, fruit, yogurt, water, cheese, fruit","Yogurt, regular, Apples, Yogurt, regular, Strawberries, Yogurt, Greek, Bottled water, Bananas, Bottled water, Strawberries, Yogurt, regular",82312193.252262,0.007459493969323028,pir_lt_1_3
